Country Name,2019 [YR2019]
Ukraine,3.19950386354134
Uruguay,0.928565543252915
"Venezuela, RB",..
Zimbabwe,-6.33244640703352
